{
  "Workflows": [
    {
      "Path": null,
      "SortBy": 0,
      "VariablesSectionElementsOrder": [],
      "ArgumentsSectionElementsOrder": null,
      "ConstantsSectionElementsOrder": [],
      "AddedNamespaces": null
    },
    {
      "Path": "Main.xaml",
      "SortBy": 0,
      "VariablesSectionElementsOrder": [
        "dtTransaction&StateMachine_1",
        "TransactionItem&StateMachine_1",
        "SystemException&StateMachine_1",
        "BusinessException&StateMachine_1",
        "TransactionNumber&StateMachine_1",
        "Config&StateMachine_1",
        "RetryNumber&StateMachine_1",
        "TransactionField2&StateMachine_1",
        "TransactionField1&StateMachine_1",
        "TransactionID&StateMachine_1",
        "dt_TransactionData&StateMachine_1",
        "ConsecutiveSystemExceptions&StateMachine_1",
        "ShouldStop&Sequence_25"
      ],
      "ArgumentsSectionElementsOrder": [
        "in_OrchestratorQueueName",
        "in_OrchestratorQueueFolder"
      ],
      "ConstantsSectionElementsOrder": [],
      "AddedNamespaces": null
    },
    {
      "Path": "Jobs/01_ACME_Login.xaml",
      "SortBy": 0,
      "VariablesSectionElementsOrder": [
        "strPW&Sequence_1",
        "strEmail&Sequence_1",
        "bl로그인문구&Sequence_3"
      ],
      "ArgumentsSectionElementsOrder": [],
      "ConstantsSectionElementsOrder": [],
      "AddedNamespaces": null
    },
    {
      "Path": "Jobs/02_ACME_WI진입.xaml",
      "SortBy": 0,
      "VariablesSectionElementsOrder": [],
      "ArgumentsSectionElementsOrder": [],
      "ConstantsSectionElementsOrder": [],
      "AddedNamespaces": null
    },
    {
      "Path": "Jobs/03_ACME_WI_전체DT추출.xaml",
      "SortBy": 0,
      "VariablesSectionElementsOrder": [
        "ExtractDataTable&Sequence_1",
        "arr새컬럼&Sequence_8",
        "dtWorkItems&Sequence_1"
      ],
      "ArgumentsSectionElementsOrder": [],
      "ConstantsSectionElementsOrder": [],
      "AddedNamespaces": null
    },
    {
      "Path": "Jobs/04_ACME_Client정보추출.xaml",
      "SortBy": 0,
      "VariablesSectionElementsOrder": [
        "strAccountInfo&Sequence_1",
        "dtWorkItems&Sequence_1"
      ],
      "ArgumentsSectionElementsOrder": [
        "in_dicConfig",
        "io_drCurrentRow"
      ],
      "ConstantsSectionElementsOrder": [],
      "AddedNamespaces": null
    },
    {
      "Path": "Jobs/05_SHA1_Hash수집.xaml",
      "SortBy": 0,
      "VariablesSectionElementsOrder": [
        "strSearch&Sequence_1",
        "strSHA&Sequence_3",
        "dtWorkItems&Sequence_1"
      ],
      "ArgumentsSectionElementsOrder": [
        "io_drCurrentRow",
        "in_dicConfig"
      ],
      "ConstantsSectionElementsOrder": [],
      "AddedNamespaces": null
    },
    {
      "Path": "Test.xaml",
      "SortBy": 0,
      "VariablesSectionElementsOrder": [
        "listInfo&Sequence_1",
        "strAccountInfo&Sequence_1"
      ],
      "ArgumentsSectionElementsOrder": [],
      "ConstantsSectionElementsOrder": [],
      "AddedNamespaces": null
    },
    {
      "Path": "Jobs/06_ACME_UpdateWorkItem.xaml",
      "SortBy": 0,
      "VariablesSectionElementsOrder": [
        "dtWorkItems&Sequence_1",
        "strAccountInfo&Sequence_2",
        "strClientID&Sequence_2",
        "strClientName&Sequence_2",
        "strClientCountry&Sequence_2",
        "listInfo&Sequence_2"
      ],
      "ArgumentsSectionElementsOrder": [],
      "ConstantsSectionElementsOrder": [],
      "AddedNamespaces": null
    },
    {
      "Path": "Sequence_Main.xaml",
      "SortBy": 0,
      "VariablesSectionElementsOrder": [
        "strEmail&Sequence_1",
        "strPW&Sequence_1",
        "dtWorkItems&Sequence_1",
        "dicConfig&Sequence_1"
      ],
      "ArgumentsSectionElementsOrder": [],
      "ConstantsSectionElementsOrder": [],
      "AddedNamespaces": null
    },
    {
      "Path": "Jobs/07_GSuite_Mail발송.xaml",
      "SortBy": 0,
      "VariablesSectionElementsOrder": [],
      "ArgumentsSectionElementsOrder": [
        "in_dicConfig",
        "in_strResult"
      ],
      "ConstantsSectionElementsOrder": [],
      "AddedNamespaces": null
    },
    {
      "Path": "Jobs - 복사 (1)/04_ACME_Client정보추출.xaml",
      "SortBy": 0,
      "VariablesSectionElementsOrder": [
        "dtWorkItems&Sequence_1",
        "strAccountInfo&Sequence_1",
        "listInfo&Sequence_12",
        "strClientID&Sequence_12",
        "strClientName&Sequence_12",
        "strClientCountry&Sequence_12"
      ],
      "ArgumentsSectionElementsOrder": [
        "in_dicConfig",
        "io_drCurrentRow"
      ],
      "ConstantsSectionElementsOrder": [],
      "AddedNamespaces": null
    },
    {
      "Path": "Jobs - 복사 (1)/05_SHA1_Hash수집.xaml",
      "SortBy": 0,
      "VariablesSectionElementsOrder": [
        "dtWorkItems&Sequence_1",
        "strSearch&Sequence_1",
        "strSHA&Sequence_3"
      ],
      "ArgumentsSectionElementsOrder": [
        "in_dicConfig",
        "io_drCurrentRow"
      ],
      "ConstantsSectionElementsOrder": [],
      "AddedNamespaces": null
    },
    {
      "Path": "Framework/InitAllSettings.xaml",
      "SortBy": 0,
      "VariablesSectionElementsOrder": [
        "dt_SettingsAndConstants&Sequence_5",
        "dt_Assets&Sequence_6",
        "AssetValue&Sequence_11"
      ],
      "ArgumentsSectionElementsOrder": [
        "in_ConfigFile",
        "in_ConfigSheets",
        "out_Config"
      ],
      "ConstantsSectionElementsOrder": [],
      "AddedNamespaces": null
    },
    {
      "Path": "Jobs - 복사 (1)/01_ACME_Login.xaml",
      "SortBy": 0,
      "VariablesSectionElementsOrder": [
        "strEmail&Sequence_1",
        "strPW&Sequence_1",
        "bl로그인문구&Sequence_3"
      ],
      "ArgumentsSectionElementsOrder": [
        "in_dicConfig",
        "in_strEmail",
        "in_strPW"
      ],
      "ConstantsSectionElementsOrder": [],
      "AddedNamespaces": null
    },
    {
      "Path": "Jobs - 복사 (1)/02_ACME_WI진입.xaml",
      "SortBy": 0,
      "VariablesSectionElementsOrder": [],
      "ArgumentsSectionElementsOrder": [
        "in_dicConfig"
      ],
      "ConstantsSectionElementsOrder": [],
      "AddedNamespaces": null
    },
    {
      "Path": "Jobs - 복사 (1)/03_ACME_WI_전체DT추출.xaml",
      "SortBy": 0,
      "VariablesSectionElementsOrder": [
        "arr새컬럼&Sequence_8"
      ],
      "ArgumentsSectionElementsOrder": [
        "out_dtWorkItems",
        "in_dicConfig"
      ],
      "ConstantsSectionElementsOrder": [],
      "AddedNamespaces": null
    },
    {
      "Path": "Jobs - 복사 (1)/06_ACME_UpdateWorkItem.xaml",
      "SortBy": 0,
      "VariablesSectionElementsOrder": [
        "dtWorkItems&Sequence_1"
      ],
      "ArgumentsSectionElementsOrder": [
        "in_drCurrentRow",
        "in_dicConfig"
      ],
      "ConstantsSectionElementsOrder": [],
      "AddedNamespaces": null
    },
    {
      "Path": "Framework/GetTransactionData.xaml",
      "SortBy": 0,
      "VariablesSectionElementsOrder": [],
      "ArgumentsSectionElementsOrder": [
        "in_dtTransaction",
        "in_TransactionNumber",
        "in_Config",
        "out_TransactionItem",
        "out_TransactionField1",
        "out_TransactionField2",
        "out_TransactionID",
        "io_dt_TransactionData"
      ],
      "ConstantsSectionElementsOrder": [],
      "AddedNamespaces": null
    },
    {
      "Path": "Framework/Process.xaml",
      "SortBy": 0,
      "VariablesSectionElementsOrder": [],
      "ArgumentsSectionElementsOrder": [
        "in_TransactionItem",
        "in_Config"
      ],
      "ConstantsSectionElementsOrder": [],
      "AddedNamespaces": null
    },
    {
      "Path": "Framework/SetTransactionStatus.xaml",
      "SortBy": 0,
      "VariablesSectionElementsOrder": [
        "QueueRetry&Sequence_17",
        "ScreenshotPath&Sequence_17"
      ],
      "ArgumentsSectionElementsOrder": [
        "in_BusinessException",
        "in_TransactionField1",
        "in_TransactionField2",
        "in_TransactionID",
        "in_SystemException",
        "in_Config",
        "in_TransactionItem",
        "io_RetryNumber",
        "io_TransactionNumber",
        "io_ConsecutiveSystemExceptions"
      ],
      "ConstantsSectionElementsOrder": [],
      "AddedNamespaces": null
    },
    {
      "Path": "Framework/TakeScreenshot.xaml",
      "SortBy": 0,
      "VariablesSectionElementsOrder": [
        "Screenshot&Sequence_1",
        "ScreenshotFileInfo&Sequence_1"
      ],
      "ArgumentsSectionElementsOrder": [
        "in_Folder",
        "io_FilePath"
      ],
      "ConstantsSectionElementsOrder": [],
      "AddedNamespaces": null
    },
    {
      "Path": "Framework/RetryCurrentTransaction.xaml",
      "SortBy": 0,
      "VariablesSectionElementsOrder": [],
      "ArgumentsSectionElementsOrder": [
        "in_Config",
        "io_RetryNumber",
        "io_TransactionNumber",
        "in_SystemException",
        "in_QueueRetry"
      ],
      "ConstantsSectionElementsOrder": [],
      "AddedNamespaces": null
    },
    {
      "Path": "Jobs/상태머신.xaml",
      "SortBy": 0,
      "VariablesSectionElementsOrder": [],
      "ArgumentsSectionElementsOrder": [],
      "ConstantsSectionElementsOrder": [],
      "AddedNamespaces": null
    },
    {
      "Path": "Framework/KillAllProcesses.xaml",
      "SortBy": 0,
      "VariablesSectionElementsOrder": [],
      "ArgumentsSectionElementsOrder": [],
      "ConstantsSectionElementsOrder": [],
      "AddedNamespaces": null
    },
    {
      "Path": "Framework/InitAllApplications.xaml",
      "SortBy": 0,
      "VariablesSectionElementsOrder": [],
      "ArgumentsSectionElementsOrder": [
        "in_Config"
      ],
      "ConstantsSectionElementsOrder": [],
      "AddedNamespaces": null
    },
    {
      "Path": "Framework/CloseAllApplications.xaml",
      "SortBy": 0,
      "VariablesSectionElementsOrder": [],
      "ArgumentsSectionElementsOrder": [],
      "ConstantsSectionElementsOrder": [],
      "AddedNamespaces": null
    }
  ]
}